appid,name
33760,The Search for Amelia Earhart
34274,Ecco the Dolphin
34275,Gain Ground
34277,Shinobi III: Return of the Ninja Master
34311,Kid Chameleon
34312,Ristar
34317,Columns III
34318,Decap Attack
36900,Angle of Attack
36910,All Aspect Warfare
42147,Hamilton's Great Adventure - Retro Fever DLC
42900,Hearts of Iron III: Semper Fi
46760,Ironclads: Schleswig War 1864
46840,Ironclads: Chincha Islands War 1866
71111,Flicky
71167,ToeJam & Earl in Panic on Funkotron
211201,Dynamite Headdy
211203,Phantasy Star II
211205,Phantasy Star IV: The End of the Millennium
211207,The Revenge of Shinobi
211208,VectorMan 2
211209,Wonder Boy in Monster World
229790,Might & Magic: Heroes VI - Shades of Darkness
269430,Burning Cars
279280,Ohmicide
282960,The Sands Whisper Your Name
285670,Galactic Command Echo Squad SE
293980,Baron Wittard
295650,Streng Check
304190,Bloonz Toonz
307560,Run For Rum
312400,Frontline : Longest Day
313190,Pacific Liberation Force
314210,Tesla Breaks the World!
314610,Vincere Totus Astrum
316700,Front Page Sports Football
321080,Pirate Hell
321600,The Flying Dutchman
326650,The Legend of Candlewind: Nights & Candles
330680,Solar Struggle
340030,Dungeon of gain
340530,Soccer Legends
341640,Relativity Wars - A Science Space RTS
353260,Snails
358420,Xenophage: Alien Bloodsport
360720,Soda Star
367040,InsanZ - Retro Survival Horror
383620,Flight Unlimited Las Vegas
385810,Retaliation: Enemy Mine
385960,Russian Front
389690,Nightclub Emporium
391410,"Rock, the Tree Hugger"
398830,Goggles - World of Vaporia
398950,The End of an Age: Fading Remnants
398970,none
406400,Axes and Arrows
411860,Save the Creatures
431470,Inside The Code
432410,The Sacred Stone
436850,Stellar Stars
462400,Slide Ride Arcade
466580,GOD's DEATH
473540,Raise Your Own Clone
488080,Taxi
494820,Acid Flip
500980,Endangered
507360,The Wizard's Lair
511960,Gravity Shot
512410,69 Ways to Kill a Zombie
512700,Duckles: the Jigsaw Witch
514200,Mythic Victory Arena
514540,Hate Free Heroes RPG 3.0 [Upgrading to 3D and Leaving Steam / Final Sale]
516950,STARS Simulation
521660,NOBUNAGA’S AMBITION: Zenkokuban / 信長の野望･全国版
523890,StarDrone VR
525460,Sullen: Light is Your Friend
539690,Nanomedix Inc
540360,Jewel Quest Seven Seas Collector's Edition
542790,RacetronicVR
544990,NOBUNAGA'S AMBITION / 信長の野望
548710,Sandstorm
552480,Havoc Runner
557420,Kamio Recoil
564990,Olav: the story of one boy
570060,TacoFace
570790,New Frontier Days ~Founding Pioneers~
576690,Chess: King of Crowns Chess Online
577890,Arena: Blood on the Sand VR
578990,Two Worlds II HD - Shattered Embrace
584860,Surfasaurus
585750,Chowdertwo
586600,The Adventures of Fluffy
587710,Xenobox VR
587790,Deadly Animal Duel
588140,ESCAPE FROM VOYNA: Dead Forest
588350,VR Meditation SkyRun
589240,Jaguar I-PACE Concept | Virtual Reality Experience
589430,Killer Elite – Time to Die
590440,Carlos III y la difusión de la antigüedad
600580,Dark Mechanism - Virtual reality
603080,Chronicles of a Dark Lord: Tides of Fate Remastered
604060,Goblin Harvest - The Mighty Quest
604990,Stratside
612250,Eastwood VR
614530,Garden Tale
617720,ASTA : ASTA Server
619610,Ultratank
620130,Chaos Town
620140,Bottle Flip Challenge VR
623040,Crystal Vibes feat. Ott.
624060,Shattered Steel
629550,Placebo Effect
638060,Majestic Trials
646890,Distant Nightmare - Virtual reality
650580,Be Quiet!
650720,SlipDrive
652990,Eternal Maze
654070,Escape Room
655600,PHAT STACKS 2
656220,Sorcerer's Dream
658420,Agents of Aggro City Online
659460,RiotZ
661300,Radical Spectrum: Volume 2
661530,Gold Rush In The Oort Cloud
661670,Renegade Grounds: Episode 1
664030,Time To Walk Alone
664050,StopTime Drive
665060,Triangulate
666090,Bad Government
667510,The Elmian Warrior
671580,NeoCube
672940,Galaxy of Drones
675370,Gulu
678830,Buried Alive VR
680100,Heroes of Myths - Warriors of Gods
680170,VR Triber
682350,Gnome Light
683600,Football Mogul 18
683810,The Dark Age I : Zordon's Empire
683840,Galaxia Conquestum
683960,Tower And Guardian 塔与守护者
688170,Denki Gaka's Bombshell
690250,Judge Dredd 95
692530,Community Garden
692660,Invictus: In the Shadow of Olympus
693300,Unbalance
700880,Kingdom: The Far Reaches
704430,Space Survivors I: The Reckoning
708590,Battle Master
708990,Turtle's Quest
709480,麻将VR
709610,Mahjong Match
711390,Anti Gravity Warriors VR
713830,Pivot Puzzles
716900,El Ministerio del Tiempo VR: Salva el tiempo
717720,Cyberia 2: Resurrection
718350,Loot Collection: Mahjong
719300,Daemonsgate
719310,King's Table - The Legend of Ragnarok
719540,VR DREAM MATCH BASEBALL
721420,FIGHTING BOX
722340,Captain vs Sky Pirates
722910,LightTrack
723210,Mind Sweeper VR
724130,Radar Warfare
728050,❂ Heroes of Hexaluga ❂
729270,ALVAROK
731930,Talk to Aya
738080,Creatio Ex Nihilo: Aition
738190,Morth
740560,star of lemutia
744170,Starfighter Neon
744440,The Breeding: The Fog
744610,TAD: That Alien Dude
745750,Viking Village
751550,The Same Crime
753980,ARK -the lost fairytale-
755580,Daddy's gone a-hunting
762630,Dark Wish
762670,Astro Joust
763300,GAME TUBE ♛
764390,Synced Warriors
769630,紅蜘蛛外伝：暗戦
774501,VR Soccer '96
777860,Jambo
778810,Soul for two
780740,Silent Footsteps
782700,Jerry and the mystery loot box
783220,Block Shock
787140,The Adventures of Kusoge
787940,Glista
789220,★ Fallalypse ★ Death or Cress ♝
791320,Zahalia
791380,Way Out
791950,Hiking Simulator 2018
792230,Zombie Serial Killer Incident
793060,Starship
793250,Casino Poker
800160,斗地主VR
800350,Casino Blackjack
805520,The Dwarves of Glistenveld
808870,Multiple Views Objects 多视体
809830,China VS Roman
810740,Turtle Lu
814190,Digital Runner
815240,Forest Harvester Simulator
815840,Sword Mans
816840,Night of the Shrub Part 1
817920,NO LOVE
819640,Crypto Quest
819950,Archer's story
823330,Marginal act
825450,Type
827780,Margot's Word Brain
830810,Death Game+
831450,Kolb Antarctica Experience
834210,Clicker Planet
837720,Tactical Mind
838530,Ball Escape
840940,Spirits of Metropolis: Legacy Edition
841790,Adventures in the Light & Dark
841830,Semi-Sweet Tofu
842030,Not So Middle Ages
842590,Knight Fighter
844350,Obscurity
845570,Super Punchman
846530,LifeGameSimulator
857110,SPACE BLASTER 8 BIT
857410,Red Spider3: A Heroine Never Dies
859720,Cubelz
860960,N1L (No1Lives)
861940,Crashbots
864020,Lost Legend
866340,Colonumbers
869370,The Goracle
874380,Chess Puzzles
875780,Trivia King
875790,The Movie Trivia Challenge
877300,Liquid Sunshine
878310,Dishwasher
878570,Cryptochain
881610,Professor Watts Word Search: Space Voyage
883390,Beyond the Mind
884770,Astro Bouncer
885240,Tower Stacker
886220,Thunderballs VR
886450,Night of the Shrub Part 2
887710,Ritter
887870,Retro Racers 2
888570,Zombie Head
889990,RGBCELLS
893120,Synthrun
894120,Ghostman: The Council Calamity
895210,On Board Remastered
895370,DollKart
895450,UglyDolls: An Imperfect Adventure
895570,Fairy Rescue
895930,Maze Quest 1: The Forest
905270,Merlin Soccer
905300,Daytona Racing
906170,Metal Brigade Tactics
906360,LUXO Buddies
906480,Defenders of Ekron - Definitive Edition
907920,建筑大冒险 Architectural Adventure
908310,The Call
912760,Volcanic Blocks
913690,Me Smart Orc
913970,The Legend of Protey
914230,Swamp Jump
916210,Fabrication
918120,A.L.A.N.: Rift Breakers
920500,Construction Charlie
920580,Tanks With Hands: Armed and Treaded
921920,Robikon
924040,Fairy Tower Defense
926610,Superior Wizards
926720,Kyiv: from dusk till dawn with Lenovo Explorer
927080,Space Fox Kimi
935110,The Desert's Rose
936210,The Prometheus Secret Noohra
937620,Zack Y
938360,The last soldier
938870,Chronon
945540,Knights of Riddle
946810,the Escape
947310,Wonderland Trails
950600,Zoological Era
951500,Poker Tower Defense
952850,败家仔 Last Wish
954760,The Cells
956000,Su Hack
956430,Steampunk Graveyard
957890,The Horologist's Legacy
958490,Titan shield
959170,John:Condemned
962650,Paroniria 梦缚
964070,Aim Theory - Trainer
966420,Hell Breaker
967210,Spark Five
974220,MEMORISE : CREATION
976840,Happy Vampire Girl
982010,ZDF History 360° – Tempelhof
987980,王者战车
989000,Ruthless Water
996170,Mage VR -Mini Version-
1001990,WARED
1007440,Solitaire: Learn Chemistry
1008970,Cavyrn
1009030,Hello Emoji: Drawing to Solve Puzzles
1009690,Saving Simon
1011110,Nero GameVR
1011860,答题英雄——细胞生物学
1014240,Starship Saboteur Prototype
1014350,Once A Stray
1016350,Land of Dread
1024150,Valentines Cafe
1031230,Midnight's Curse
1033370,Fruit Crawler
1042900,Borderlight
1042910,Desdemona
1044350,The Crater
1045130,Raatihuone
1050170,Terramancer
1050190,Fast Travel: Loot Delivery Service
1051270,Logistic Expert
1054180,Cheeky Beetle And The Unlikely Heroes
1054310,Fade Out
1055660,十日
1055870,Siberian Run VR
1056330,L.S.S II
1058630,Crazy Ball
1058840,Super Web Kittens: Act I
1059470,Wolfgate
1068300,Logitech VR Ink Driver
1068490,Peanut
1068680,Looking Back
1068980,It Runs Red
1071740,Pirates of First Star
1077080,Börnies Journey
1078590,虚幻深渊 The Illusory abyss
1082700,Dinosaur Shakespeare: To Date or Not To Date?
1085210,Fruit Mess
1086630,Spelling Quest Online
1087310,DOOMTANK
1088070,HUNTERS FOR YOUR BRAIN
1088440,The Panel Remake
1089520,Nigel: The Minuscule Adventure
1090490,Tiktalec And The Dino Moonbase
1093690,Couch Storm: Battle Royale
1096290,Real Man Got 100 |  是男人上100层
1102210,The Legend of Viccess
1104170,Cosmo Chaser
1104320,The Treasure of the Dragon
1105530,Light Hunters: Battalion of Darkness
1106950,Furries & Scalies: Friendswood
1106970,Insect Simulator
1109100,El Tesoro de Isla Alcachofa
1112440,Falco Engine
1117420,Bryce's Movement Engine¹
1119630,DarkFairyTales SleepingBeauty
1125980,VoxelSuite
1129110,Magistrangers
1129210,A Million Conquests
1129610,Book Seeker
1131460,明日探险家
1135890,伊始之战
1136870,Nibiru Voyage
1141160,Fractalis
1142360,Hope for City
1144760,Vectrix
1149090,Hospital 9
1150820,Delphyq
1152830,BounceBall3D
1156910,Galactic Management
1157100,Starazius
1160560,Galmon Folklore ~Monster Girl Galore!~
1161210,Ray Versus
1161300,The Legend of Crystal Valley
1163490,Gangsters 1920
1164350,Anime Otaku Girl 二次元宅女
1164760,Vugluskr: Zombie Rampage
1168990,Planet destroyer
1171110,Kedemara - The Orphan's Ballad (Ch.1 & 2)
1171950,Dragon Little Fighters 2
1175490,Code Zero
1176090,Adventure Galaxy
1184590,CubeHub
1185530,My Wet Leto Comic
1186100,Beast Brigade
1187670,Holo Views
1193200,K37-D
1193350,生物知识格斗大赛
1194720,No School No Rules
1195450,HABITKING RPG
1197110,Advancity
1208470,Foxfall
1210260,Purgatory Overkill
1212450,Mineirinho Shooter DC
1214400,A Percent of a Pirate
1215720,Hero's Journey
1219310,欢乐逗病毒TD
1219790,Intern Pursuit Game
1220580,Sky Pirates of Actorius
1221330,One Shot
1224650,Super Arcade Boy in Goodbye Greenies
1225680,Cube Chase
1226420,The Tide Intro
1230570,Shotgun n  Zombies
1230880,Gladii
1233460,Star Escape
1238340,Terra Lander II - Rockslide Rescue
1240350,Galactic Center VR
1241370,FierceWind Decay
1242730,双子树 TwinTrees
1245930,Flaming Friday Night
1248810,离校日 The School Leaving Day
1249620,"Adventures of JQ Jones: ""Isle of the Serpent Empress"""
1253030,Cubecois
1255300,Space Sergeants
1256480,A Siren's Call 2 VR: Legacy ( A VR Short Story)
1257520,"Zatorski, Ph.D."
1257720,Help Me Now
1257950,Motor Mash
1259280,ambr
1259390,Military Service
1260720,Elemental Echoes
1263920,Dark Space
1265580,Miden Tower
1268400,Pinball Lockdown
1269110,勇者的十日人生
1269240,Damn Dolls
1269930,Frag Grounds
1274340,ColorsInvasion
1276090,Creator Adventure Legend
1276850,Kane's Shadow
1277360,异界大陆
1278000,HistoryMaker VR
1278930,Math Puzzle Alpha Challenge
1282240,泡泡三国
1282330,Abracadabrew : Prologue
1283250,Audio Party Pack
1283760,COVID-19 (CORONA VIRUS)
1284480,Beatitas
1284740,不思議の鎮守府
1286810,Mission Biotech
1287180,Squares
1288030,BoxxyQuest: The Gathering Storm
1290390,PT+
1290830,逃出图书馆(Escape from Library)
1290920,Roll Control
1292100,TraptionBakery
1292720,Type Up
1293950,Masquerade of Miasma
1294340,Wonhon: A Vengeful Spirit
1299720,Les Manley in: Search for the King
1303270,Ungeon
1304790,罗马之链
1305500,Captain Disaster in: The Dark Side of the Moon
1308660,Gun Master
1309850,Into the TIMEVERSE
1310770,Valiantia
1311730,lost cube
1312160,Astro Dash
1313330,HEDE Game Engine
1315810,UNITED COMMAND 
1318520,Dört Model Müzesi
1320110,The Adventurer - Episode 2: New Dreams
1321350,LV99: Final Fortress
1323190,Sbeve
1323580,Buddy's Creative Quest!
1324730,Steam revolution VR
1330510,Lonely Red Night
1331610,Super Neo Tanks
1334120,Goblin Rush
1336230,AVRACH RESURRECTION
1336970,Ashley: The Emptiness Inside
1337170,Lords of the Shattered Kingdom
1337600,Wetware
1339220,Matts Project Zombies
1339810,Slimey Champions
1340730,Oath
1340850,韦弗利山 - Waverly Hills
1341830,Steel Thunder
1342640,Relic Guardians: Complete
1342900,Basketing
1343140,Choices That Matter: And The Sun Went Out
1343330,Xendless
1344340,GALSAD - Galactic Salvage and Disposal
1344520,Apprentice Arriving
1344760,Night Rogue
1345050,Wotheguel
1345830,迷宫：消灭机器人
1345980,Survive.com
1346310,Project Senko
1347710,Sink
1348060,Bug Blast
1348880,Restricted Area
1349890,The last earth man
1350470,Impossible Target
1350630,American Isekai Prologue
1350920,Liege Dragon
1351650,No Cure
1352590,Requiem Aeternam Eden
1352660,PUFIWEHO
1353130,Hoplichess
1354080,The Horrors at Castle Wülhein
1354530,Ultikill
1355300,Swallow The Blue
1355390,Obreno: Chapter One
1355820,大话江湖
1356380,Pendelum
1357540,Altered Destiny
1358050,Sanatorium «Anthropocene Retreat»
1358100,Directional Isolation VR
1358430,War War
1359800,The Soldiers Factory
1360080,Space Battle Arena
1360280,CATMAN-GIMMICK ACTION GAME-
1360890,JUST A GAME
1361050,DeRailed
1361100,两体
1361430,Magical Stock Princess
1363020,100-Level Dungeon
1364150,Hide and Shoot
1364460,Keizudo
1365590,Timewalk Tower Defense
1365630,BAL Solid
1365680,Insulated at the bottom
1366160,Top Billiards
1366270,Primal Carnage: Extinction - Workshop Tool
1366680,San Diablos
1367160,Wetlands
1367350,Destructive Behavior
1368000,Secret Agent Allan Martin in ... Phoenix Erupting
1368560,Rogue Randy
1368620,Healing Movement
1368830,回纹战棋
1369570,Spirit Messages
1369580,Being Mindful
1369800,Spaceslingers
1369830,Kaiju Krashers
1370950,Out of Oblivion
1371160,InMaze
1371350,Solenars Edge II: Champions
1371540,Spartoi Meadow
1372260,Watch Your Helmet
1372640,Candle In Darkness
1373230,Portals World
1373310,OUBEY VR - Samurai
1373770,Sea Legends
1373810,Orlando Theme Park VR - Roller Coaster and Rides
1374590,Monsterwolf
1376020,BattleMaster
1376140,CounterBlocks
1376470,Hunted
1377160,Enlightened Sentinel
1377240,Five-Finger Gunslinger
1378260,Voodoo Kid
1378390,Endurance - space action
1379120,MechNest
1379320,Anime Play Life: Unlimited
1379980,Unscripted
1381720,OUBEY VR – Reise der Monaden
1382350,The Beast of Stormy Forest
1382670,FIRE  TRUMP - Air Combat VR
1382870,World War Academy: COMMANDER 1
1382890,Mystic Midway: Rest in Pieces
1383200,Clouds of Rain
1383400,Crystal Ortha
1383920,Shattering Obsidian
1384840,XOL
1384990,魔法考核冒险
1385190,After The War
1385570,Fateholder Quest
1385690,Battletronics
1386110,Xentron Attack
1386460,Zodiakalik
1387410,Invaders
1388030,Bocce VR Simulator
1388310,Tumbled
1388910,Deadly Forest
1389190,Rear of Business
1389410,Record of Battle 3D Maiden Wars
1389510,Souls Lore
1389530,Happy Marriage Project - Starting from 9 years old -
1389540,Wesprau Senki
1389740,Accel Magician Mimi
1392750,Lost Patrol
1393220,Electrify
1393650,BlockBustersVR
1393960,Battle Command
1394410,Mysterica
1394680,Soul Catcher
1395180,Raid!
1395450,Shell Shuffle
1397040,Sanguine Melancholia
1397690,Riot At World
1397710,Operation TP
1399040,This Is Not Chess
1399480,California Games
1399760,Randomlands
1400390,The First Confrontation
1400450,Dino Eruption
1400680,Impossible Mission II
1401080,Starmind
1401360,Friendly Find
1402460,BattleStick 2
1402700,Red Falcon
1403230,Penny RPG: Shadows of the Lost - A Blood City Tale
1404350,Eden: New Dawn
1404870,Couplinked
1405670,The Forgotten Island - v1.0
1405980,"Astronomy Lab on PC: Relativity, Lunar Landing, Space Flight, and Interstellar Travelling"
1406350,Guns N Stuff
1406900,のっぺらぼう
1407530,Warrior Beneath Heaven
1408050,Our Hero! Two
1408420,Ancient Worlds: Egypt
1409250,Harmless Demons
1409520,The Worst Game Ever
1409810,月之泪 ～ Tears of Luna
1411410,Paddle Combat
1411710,Forklift & Box
1411840,Who Are You?
1411870,Zball III
1411940,Silence in the Dark
1413260,Traveler of Artcaster
1414490,Kasmo
1414710,Arc Wizards 2
1415110,Second Chance
1415200,Pitched Battle
1415480,10mg: Locked In
1415580,Heart World
1417400,Escape Dinosaur Island
1417680,Damien
1419200,Way Walkers: University 2
1422220,Cardinal Chains
1423410,Zone of Death
1423420,Sublunar
1424010,Slaves of Magic prelude
1424190,Curious Alice
1424890,天仙变
1425110,Space Empires I
1425240,Match It!
1426160,The Den of Worms
1426190,Bloody Horde
1427150,The Episodic
1427640,All-Time Battle
1429700,ARCADEON VR
1430070,Too Different
1430140,Space Empires II
1432730,911 Emergency Manager
1433040,Dragon Fury VR
1433910,Dragu's Puzzle Adventure
1434160,My Empire
1434470,RagDoll MadDoll
1434780,Tech Madness
1435230,BLACKBODY THEORY OF MOTION
1436220,XIBALBA
1436240,Krakatoa
1436280,Plan Z
1436440,Sleeper Cell
1436800,Elon's Dream
1436930,Temple of Apshai Trilogy
1438710,Modern Arena
1439550,Vagrant Sword
1440050,Объемная История
1440330,In It Together
1440810,Enthrean Radiance : Prologue
1440840,Breathing Fear
1443500,Frog's Princess
1443810,Round 99
1444700,Zen! Slider
1444740,Maniac Path
1445540,The Chronicles of Moses and the Exodus
1445890,Lithoi - Trials of Memory
1446090,PAGO FOREST: DRAGON'S REVENGE
1446180,Leak Elite
1448070,KosmoSquad
1449140,Foglight
1451860,Cyber Badminton 2020
1454030,"Lotharus - Bacon, Ale & Repeat"
1457920,VITATIO 3
1458330,Mythlands: Flappy Dragon
1460230,Javols VR
1461990,傲剑情缘
1462680,Asdivine Cross
1463030,Jump With Dragons
1464420,Tower
1464840,Monolith
1466300,Stack Defense
1466610,Combined Arms Operations Series
1467340,Quintaesencia
1469330,Unlimited Fight
1469750,3x3 the immersive fiction
1470130,Dominate Square
1470660,Amborettio
1470870,Because its hot! - Why pizza? PROLOGUE
1472060,Apollyon: River of Life
1473640,Space Nations - Battlearena
1474440,Bog Lord
1474780,Whats wrong with me?
1474990,Deceased
1476220,Catch a cat for 60 seconds
1476330,古龙传说
1477000,Starship Turd Nugget: Too Cool For Stool
1477450,一人之下之寻炁迷踪
1477850,Millennium Atoll
1477900,Ricky did nothing wrong
1480260,Rathe: The Beginning
1480690,Pangea
1481070,Max Raider
1482940,Rumours From Elsewhere
1483110,Alien AI
1483600,逢魔之時
1485970,SIK Space Invader Kreature
1486870,Hiddenverse: Ominous Opus
1487560,StarCrawlers Chimera
1488020,Bird
1488420,Wind from city
1490010,Phoenix Squadron: Northern Star
1491120,Galaxy's Extreme
1491730,Cosmotronik
1491850,ZombieWave-UnlimitedChallenges
1492930,IMUGI
1494100,VIRTUAL SOLDIERS
1494390,Nostalgici Anonimi
1495800,Moon Defence
1498490,Dead Herring VR
1499030,3D Double Dealing Character
1500390,Happy Bones
1500760,Scraplers
1501110,Aim: Warmup
1501640,Fallen Rebellion
1501760,Rogun Arena
1502250,Dragonborne
1502540,The Sisters - Party of the Year
1503350,Cyberpunch
1503480,Paradigm Shift
1504030,Hover Ship
1505830,Evil Shogun
1506430,Asteroids Belt: Try to Survive!
1506630,Minicraft Shooter
1508450,She Doesn't Walk
1508730,末日血战
1509400,Cargo Transportation: Low Poly 
1512520,4096
1512530,极限求生
1512800,Mars Quest
1513090,Blimps
1513180,Lo-Fi Lounge
1513240,L'Onza the Bounty Hunter
1513390,夏日的回忆
1514910,LURE: FREE
1516960,Flying Frags World Tour
1517190,The Daunting House
1518990,Degradation(Alpha)
1520570,DreamCatcher: Reflections Volume 1
1522300,Trenga Unlimited
1524160,孙美琪疑案 第四季
1525210,Steel Graves
1525540,Double world. cave song castle
1525900,Infinite Dungeon Crawler
1526020,Bullet Time
1526790,Soldier in the darkness
1527090,Cat's Menace
1527460,Azrael
1527710,Earth Elements
1528520,Fenrir's Prelude
1529440,Bomb Escape
1530180,孙美琪疑案 第五季
1533870,Atrius Star
1534480,CELLAR | Rags and Knife
1534900,VR Guardians
1535880,The Curse of Illmoore Bay
1537980,Myriavora
1538270,Kuro Tactics
1540440,Retro Classix: Wizard Fire
1540600,Ballistic M.A.D.ness
1541110,Demon Zombie Outpost
1541670,Giant Blobs From Mars
1542330,Assimilation X
1543020,Rise 2.0
1543320,The Road to Gelendzhik Palace
1544470,Princess Tier:Part 1
1545880,Herman Electro
1546630,Tank War Nexus
1547110,Commandos Pro Simulator
1547420,Siphonophore
1547470,PewPew!
1547900,Active Mummy
1548890,"Colossus Mission - adventure in space, arcade game"
1549140,Apolune 2
1550050,Raptors of SouthEdge
1550630,Radon Blast
1550800,Omega-Altro
1551480,The Girl Who Sees
1553200,All-Inn
1553530,Allan
1555290,Hormone Wars - Tower Defense
1557050,Combat Chess
1558740,Planetary Defense
1559790,SLASH OF BULLET
1560560,村庄-The Village
1561060,Love Colors: Paint with Friends
1561610,Sweep
1561670,Dominating the skies
1562440,SunSenSim
1563380,Cpt.Balloney - painful days at home
1564080,ADD
1565150,Maya's Dice
1565180,Insanium
1565780,Scaper Dash
1565800,Tower Attack
1566500,Strife: The Expanse
1567680,Cosmic Tank
1568620,MetaPhysical
1568920,Clean Slate
1570620,Universe 25
1572470,Höll Space 5D6
1573070,Endless Furry Blackjack
1573710,Monster In The Dark
1575100,Ziode Shadow
1575900,Old Stories: Fireheart
1576790,FPS Tactics
1578920,CrateTastrophe
1580890,Save The Heart Planet
1581990,Memorize V
1582260,Color Pixel Heroes
1583690,Elijah and the Out of this World Adventure
1583780,Dragon Hunters
1583880,Mind Shadows
1585050,Cliffhanger: Challenger of Tomorrow
1586270,Katja's Abyss: Tactics
1586570,24世纪后
1588300,Tower Alchemy
1589830,Lords of the Darkreign
1590180,Shillelagh
1590970,Woebegone Woods
1591160,SCP: Undeads Winter's
1591310,World Racing '95
1595930,The Far Kingdoms: Hidden Magic
1597670,Astralis
1599220,League Space
1600300,Cube Flip
1605600,Final Stand: Ragnarök
1605640,Empower
1606770,Somniphobia
1606980,Ouroboros Dungeon
1608780,Everpixel Tactics
1610790,Cossack and Magic
1611110,AMID THE LINES
1612550,Haunted Hotel: Eternity Collector's Edition
1612980,VR Game Station
1615750,Wolfriders A Sniper Adventure
1617360,Desperation
1617800,Kin's Chronicle
1622090,Water Ball
1623240,Maguntsche: Chapter One Remastered
1623320,Little Big Guy
1623640,The Witch's Maze
1624570,Midnight Calling: Jeronimo Collector's Edition
1624620,SuperSecret
1625130,Orbit-X
1625280,Shackled
1625420,Skyward Descent
1626710,Ray Attack
1627120,Operation Body Count
1627140,Sabre Team
1627220,Retro Classix: Night Slashers
1628470,Monster Academy
1629150,Gazmatera: Return Of The Generals
1629160,Peg Solitaire
1630640,Ichth.ys
1631930,The Insignia Project
1633470,爱与命的彼端
1633550,Dark Harvest
1633820,Crypto Is Dead
1634290,Chuhou Joutai 2: Paraided!
1637520,The Handbook
1637700,Infiltration: Alone in Combat
1638000,890B
1638920,Mystery Trackers: Nightsville Horror Collector's Edition
1639780,Willage
1640260,ChineseZodiac
1641060,Castles & Catapults
1641330,Tree Strike
1641510,Armed Emeth
1642230,Why Not?
1643460,たたかえ！ハルモニア音楽隊
1644390,HyperFeat
1646820,Action Commando 2
1649870,Bullet Wave
1651880,Welcome To Lakewood
1652990,HABITAT: Race To Mars
1653320,Amneron's Legacy
1653910,Lost in Terra Mora
1655910,World Legends
1656210,The Adventures of Herbie & Katt LeChatt
1657600,Christmas Stories: Puss in Boots Collector's Edition
1658740,Zyconix
1659710,Devileader
1662940,Anatomy of Fear
1663140,女孩与七匹狼
1666430,Candy land
1668800,Maze Mania: The Ultimate 3D Maze Game
1670880,Devils Gold
1672240,Surface: Lost Tales Collector's Edition
1675170,VRAstroSmash
1677480,Coral Quest
1677630,In Space No One Can Hear You Clean
1678060,Tactical Vanguard Saga
1680070,Casual Golf
1680440,Sin-Cay
1681350,时空梦魇Ⅰ代号608
1681380,Haos
1681920,Medieval Arms
1683620,Plan B from Outer Space: A Bavarian Odyssey
1684240,Metal Faith
1686980,TIERRA - Mystery Point & Click Adventure
1687280,Starfighter Aces
1692850,Historic Fighters
1693390,XOMBEE MPFPS
1693460,KILLER
1694320,Nilia
1694620,Ragtag Racing
1697250,Brick People
1697630,DROPTCH
1698110,Project:Special Forces
1699130,KaraDedeler 1989
1700860,Strings of Divinity | The Spell Plague
1702550,The Birth of an Artificial Intelligence
1703030,The Key of Rednow
1705030,Wadality
1705870,CUBE-e 2
1707720,Blood for Poppies
1708030,SpaceSeals
1708570,Those who Came
1709090,Candy gun
1709450,Grim Tales: The Heir Collector's Edition
1712670,Idle Trading Simulator
1713410,Metal Golem: First Contact
1713530,Station Commander
1713550,Star Witch
1714280,Queen of Zarkov
1714860,邪神大陆(Evil God Land)
1714960,Astero Inc.
1717800,Gladiator of sparta
1718740,Space Battle SVF
1722780,Witch Stone
1723730,Me Vs You
1724290,Outergalactic Aliens Pinball
1724410,Raster Prime [REMIX]
1724470,Valkyrie: Journey To Midgard
1724510,Detective Gman
1727430,BASIC ROGUE
1728960,Evolution of War
1730630,The Dawning Clocks Of Time
1731470,Storms 2
1740010,Undead Menace
1740070,Heliopedia
1741300,"SIT DOWN, PLEASE"
1741520,Air Strike
1741620,Spirit and Katana
1742330,TARAKAN - Mystery Point & Click Adventure
1743280,Lola - The Escape
1743610,Running Water
1749480,Gazmatera 2 America's Least Wanted
1749710,Legends of Murder Collection
1751110,Jeebo & Jerbo vs. Life
1751850,Ghost Terminator
1754390,Mystery Trackers: Train to Hellswich Collector's Edition
1757360,Shifting Dungeon
1761660,The Van of Justice
1762120,The Cruise
1762560,In The Valley of Death -Prologue-
1769630,Grim Tales: Crimson Hollow Collector's Edition
1769730,Connection
1770630,Fear in The Modern House - CH3
1771340,Miasma: Citizens of Free Thought
1772070,Unveiled
1773390,The Northern Gate : Special agent
1775500,Interstellar Airgap
1777950,Elta7
1779240,天国病院-Heaven's Hospital-
1779650,Us Against Aliens
1780110,Take As Needed
1786660,Marimoth
1787170,Squidoku
1787420,The mystery of the planet venus
1787440,Xangel
1787980,Fructus
1788120,PCI Public Crime Investigation
1790560,Chronicles of Deeps
1792280,SUPER ICK
1797710,Temple of Endless Night
1804590,Beyond dreams
1805930,Pumpkin Eater
1807370,Maverta City
1811140,SEARCH ALL - STEAMPUNK
